id,first_name,last_name,email,ip_address,cc_num
1,Devonna,Misselbrook,dmisselbrook0@scientificamerican.com,244.90.204.78,3546634243157105
2,Angie,Woolmer,awoolmer1@spiegel.de,215.80.41.15,4405492437748769
3,Noemi,Benford,nbenford2@nih.gov,183.13.47.200,5002357914522751
4,Jerrold,Hadaway,jhadaway3@mayoclinic.com,67.1.148.23,4017950069971843
5,Jenilee,Jandourek,jjandourek4@howstuffworks.com,213.37.250.196,3533520784901347
6,Ermanno,Golby,egolby5@examiner.com,146.48.226.47,677119584699737421
7,Reinold,Barwise,rbarwise6@cmu.edu,19.182.0.27,3572982767039713
8,Lorine,Evison,levison7@imageshack.us,203.36.140.186,36488284533952
9,Cornela,Bermingham,cbermingham8@house.gov,48.122.7.125,30464443174109
10,Leupold,Plose,lplose9@mlb.com,234.164.92.126,3572803253997950
11,Ari,Muddle,amuddlea@sun.com,169.20.56.136,3546934926035911
12,Goldie,Dumingo,gdumingob@psu.edu,156.22.34.233,3552301999744749
13,Dorotea,Ickovic,dickovicc@digg.com,15.169.215.26,3554005588077068
14,Lorne,Dowry,ldowryd@mysql.com,224.44.149.122,4175004181041735
15,Cacilia,Raleston,cralestone@sakura.ne.jp,140.249.92.110,3573405886406299
16,Mechelle,Bushe,mbushef@is.gd,212.207.185.253,5378057504016786
17,Tome,MacGee,tmacgeeg@loc.gov,90.253.140.52,3555130143322699
18,Hildy,Ybarra,hybarrah@netlog.com,101.226.199.67,5602253501559955
19,Hanan,Haskew,hhaskewi@tmall.com,223.26.46.220,30308163789739
20,Zita,Jannex,zjannexj@drupal.org,40.25.206.159,493611182087174904
21,Ezri,Melin,emelink@google.ru,98.87.236.245,5002350023673409
22,Sheffie,Slimme,sslimmel@unc.edu,58.222.126.78,201628021717223
23,Zonnya,Ambrosetti,zambrosettim@google.fr,123.76.14.110,5641820483314307804
24,Ailene,McCoole,amccoolen@free.fr,0.151.199.105,630475618007486003
25,Ricardo,Wharin,rwharino@ehow.com,81.35.181.126,3574125743988482
26,Bastian,Denisyev,bdenisyevp@amazon.co.jp,244.137.102.8,3535463821506423
27,Ortensia,Langdale,olangdaleq@jugem.jp,61.58.25.161,3551432820199067
28,Madelena,Glave,mglaver@artisteer.com,54.202.39.30,3575686161889568
29,Ramona,Sebrens,rsebrenss@archive.org,69.38.158.218,3579963243207150
30,Nyssa,Cainey,ncaineyt@zimbio.com,101.138.38.248,67612469323648267
31,Valle,Wallwork,vwallworku@psu.edu,167.126.183.17,3538323334944437
32,Joya,MacIntosh,jmacintoshv@slate.com,248.176.51.238,4175006718794876
33,Corissa,Gleader,cgleaderw@wordpress.org,156.172.153.251,56022100812861445
34,Berkie,Hovey,bhoveyx@java.com,63.111.88.181,346622897268474
35,Ryan,Batts,rbattsy@engadget.com,205.190.66.94,3555539395465768
36,Faustina,Sherville,fshervillez@joomla.org,60.6.168.233,3571361521168244
37,Valeda,Hrus,vhrus10@archive.org,159.211.110.57,3551522774352611
38,Beth,Bartolomeazzi,bbartolomeazzi11@va.gov,133.21.108.68,3586066120890071
39,Kenn,Leele,kleele12@toplist.cz,148.242.75.1,3532514691848015
40,Tawsha,Woolager,twoolager13@hostgator.com,248.121.191.203,6762440975663702
41,Chase,Luce,cluce14@army.mil,66.61.153.218,3559691488091484
42,Letta,Buckthorpe,lbuckthorpe15@google.com.hk,139.35.244.228,3534315846533884
43,Dylan,Yeardsley,dyeardsley16@craigslist.org,112.9.3.161,6706891018307824169
44,Gabrielle,Gillow,ggillow17@imdb.com,78.63.101.137,5602222665224532
45,Obadias,Luck,oluck18@ycombinator.com,51.12.159.7,5228808071530472
46,Lisetta,Clash,lclash19@dropbox.com,15.100.146.200,5436680922221603
47,Cari,Parkhouse,cparkhouse1a@squidoo.com,215.61.53.232,56108398404207632
48,Hilda,Axtonne,haxtonne1b@shareasale.com,142.9.228.79,3578913631317211
49,Oneida,Gibbonson,ogibbonson1c@kickstarter.com,109.73.177.63,3571538509598183
50,Louisette,Gozzett,lgozzett1d@sohu.com,140.80.200.80,4041597725365
51,Art,Bunt,abunt1e@tripod.com,145.89.91.75,3537182951322884
52,Windham,Halhead,whalhead1f@columbia.edu,19.140.228.120,6334340844287635
53,Camala,Selby,cselby1g@bloglovin.com,83.96.116.84,3565827511007996
54,Zaccaria,Marriott,zmarriott1h@wsj.com,184.206.149.214,4026848489989602
55,Bria,Mill,bmill1i@symantec.com,236.18.42.51,3579731094155145
56,Lamar,Worsom,lworsom1j@whitehouse.gov,154.18.252.210,6395189044996131
57,Emelda,Sutlieff,esutlieff1k@imageshack.us,145.164.54.238,3560704301125988
58,Donnie,Antonovic,dantonovic1l@pen.io,246.130.31.56,6331102756681730070
59,Barrie,Zealey,bzealey1m@utexas.edu,160.121.107.159,3530600579118324
60,Jens,Ilchenko,jilchenko1n@ezinearticles.com,66.216.46.37,5602245172628580
61,Vinny,Goodinson,vgoodinson1o@ask.com,46.15.26.9,3545962077816921
62,Constantine,Cartmell,ccartmell1p@seattletimes.com,114.2.5.129,4041592455853951
63,Madalyn,Hegge,mhegge1q@unicef.org,162.228.202.167,5007665452735105
64,Stafford,Cadden,scadden1r@themeforest.net,120.129.40.227,3529864467293218
65,Anna,Castaignet,acastaignet1s@e-recht24.de,149.5.10.164,4905738551740171
66,Casi,Crammy,ccrammy1t@columbia.edu,21.247.15.118,342516878225582
67,Megan,Pestor,mpestor1u@amazon.co.uk,11.11.9.25,6378151175153628
68,Ami,Grinvalds,agrinvalds1v@about.me,11.54.137.118,3539996838072299
69,Ester,Martinovsky,emartinovsky1w@mediafire.com,216.190.7.31,633110110286453677
70,Allegra,McNiven,amcniven1x@java.com,35.57.105.62,3571388367979392
71,Tawnya,Tonry,ttonry1y@uiuc.edu,13.19.195.134,372301719104020
72,Syman,Mahy,smahy1z@flickr.com,109.186.95.202,3540346031403494
73,Grover,Domenge,gdomenge20@mit.edu,142.163.55.214,560221887497151486
74,Griffie,Lambertazzi,glambertazzi21@harvard.edu,205.195.37.63,5526325059885884
75,Christophe,Bartlomieczak,cbartlomieczak22@examiner.com,219.206.120.52,5018480047822056229
76,Nara,Cheson,ncheson23@reference.com,83.247.30.169,5007664994272644
77,Kenny,Giraudot,kgiraudot24@sphinn.com,38.14.88.226,5108752967127511
78,Ame,Sanham,asanham25@google.com,148.1.82.205,374283084995513
79,Elladine,Hannen,ehannen26@ehow.com,27.15.124.235,5018662415447057
80,Lesley,Screwton,lscrewton27@psu.edu,246.177.128.116,3582580639553263
81,Amalea,Chesley,achesley28@washingtonpost.com,66.30.248.145,5010124970909789
82,Jeannette,Sandeland,jsandeland29@thetimes.co.uk,51.102.194.223,30095285770321
83,Cecilia,Duff,cduff2a@usnews.com,190.201.26.33,30433724002024
84,Eileen,Causer,ecauser2b@google.com.au,165.179.40.137,560221937336846372
85,Teodoro,Soppit,tsoppit2c@foxnews.com,105.245.100.176,3584344242179687
86,Maddy,Cargo,mcargo2d@sogou.com,150.183.57.170,3552284503912814
87,Alicea,Hargie,ahargie2e@alibaba.com,11.226.236.134,201904943327775
88,Collie,Sellar,csellar2f@cdc.gov,91.9.164.187,6759015355914882150
89,Lexi,Sidgwick,lsidgwick2g@infoseek.co.jp,143.96.93.105,060466789667825250
90,Correy,Coppock.,ccoppock2h@goo.gl,164.63.79.199,3536111580997122
91,Gun,Schade,gschade2i@cbc.ca,68.223.42.173,5132984484472639
92,Doreen,Kisar,dkisar2j@histats.com,144.194.173.188,374288789872925
93,Killy,McEnhill,kmcenhill2k@home.pl,58.3.169.58,3536875297393631
94,Susanetta,Goreisr,sgoreisr2l@mozilla.com,185.40.57.99,5602247813410063
95,Talbert,Izakoff,tizakoff2m@google.com.br,18.178.188.123,589374811509733937
96,Shae,Juleff,sjuleff2n@java.com,250.227.174.58,3574260019328806
97,Onfre,Pletts,opletts2o@acquirethisname.com,173.116.27.148,5485745477429859
98,Laure,Templeman,ltempleman2p@slideshare.net,218.83.151.153,3574682022422849
99,Slade,O'Halloran,sohalloran2q@yolasite.com,138.163.159.16,5048370366368397
100,Doralyn,Drydale,ddrydale2r@google.com,55.9.37.32,5305240410395993
